GFlops, SizeI, SizeJ, SizeK, SizeL, LDD, LDC, LDA, LDB, TotalFlops, TilesPerCu, TotalGranularity, WinnerGFlops, WinnerTimeUS, WinnerIdx, WinnerName, Cijk_Ailk_Bljk_HHS_BH_MT32x16x16_MI16x16x16x1_SN_1LDSB0_GRVW2_K1_LPB4_LRVW4_MIWT1_1_PLR1_SS0_SRVW0_SVW4_WG32_4_1, Cijk_Ailk_Bljk_HHS_BH_MT32x16x16_MI16x16x16x1_SN_1LDSB0_GRVW4_K1_LPB4_LRVW4_MIWT1_1_PLR1_SS0_SRVW0_SVW4_WG32_4_1, Cijk_Ailk_Bljk_HHS_BH_MT32x16x16_MI16x16x16x1_SN_1LDSB0_GRVW8_K1_LPB8_LRVW4_MIWT1_1_PLR1_SS0_SRVW0_SVW4_WG32_4_1, Cijk_Ailk_Bljk_HHS_BH_MT32x32x16_MI16x16x16x1_SN_1LDSB0_GRVW2_K1_LPB4_LRVW4_MIWT1_1_PLR1_SS0_SRVW0_SVW4_WG32_8_1, Cijk_Ailk_Bljk_HHS_BH_MT32x32x16_MI16x16x16x1_SN_1LDSB0_GRVW4_K1_LPB4_LRVW4_MIWT1_1_PLR1_SS0_SRVW0_SVW4_WG32_8_1, Cijk_Ailk_Bljk_HHS_BH_MT32x32x16_MI16x16x16x1_SN_1LDSB0_GRVW8_K1_LPB8_LRVW4_MIWT1_1_PLR1_SS0_SRVW0_SVW4_WG32_8_1, Cijk_Ailk_Bljk_HHS_BH_MT32x16x32_MI16x16x16x1_SN_1LDSB0_GRVW4_K1_LPB4_LRVW4_MIWT1_1_PLR1_SS0_SRVW0_SVW4_WG32_4_1, Cijk_Ailk_Bljk_HHS_BH_MT32x16x32_MI16x16x16x1_SN_1LDSB0_GRVW2_K1_LPB4_LRVW4_MIWT1_1_PLR1_SS0_SRVW0_SVW4_WG32_4_1, Cijk_Ailk_Bljk_HHS_BH_MT32x16x32_MI16x16x16x1_SN_1LDSB0_GRVW8_K1_LPB8_LRVW4_MIWT1_1_PLR1_SS0_SRVW0_SVW4_WG32_4_1, Cijk_Ailk_Bljk_HHS_BH_MT32x16x32_MI16x16x16x1_SN_1LDSB0_GRVW4_K1_LPB4_LRVW4_MIWT1_1_PLR3_SS0_SRVW0_SVW4_WG32_4_1, Cijk_Ailk_Bljk_HHS_BH_MT32x16x32_MI16x16x16x1_SN_1LDSB0_GRVW2_K1_LPB4_LRVW4_MIWT1_1_PLR3_SS0_SRVW0_SVW4_WG32_4_1, Cijk_Ailk_Bljk_HHS_BH_MT32x16x32_MI16x16x16x1_SN_1LDSB0_GRVW8_K1_LPB8_LRVW4_MIWT1_1_PLR3_SS0_SRVW0_SVW4_WG32_4_1, Cijk_Ailk_Bljk_HHS_BH_MT32x32x32_MI16x16x16x1_SN_1LDSB0_GRVW4_K1_LPB4_LRVW4_MIWT1_1_PLR1_SS0_SRVW0_SVW4_WG32_8_1, Cijk_Ailk_Bljk_HHS_BH_MT32x32x32_MI16x16x16x1_SN_1LDSB0_GRVW2_K1_LPB4_LRVW4_MIWT1_1_PLR1_SS0_SRVW0_SVW4_WG32_8_1, Cijk_Ailk_Bljk_HHS_BH_MT32x32x32_MI16x16x16x1_SN_1LDSB0_GRVW8_K1_LPB8_LRVW4_MIWT1_1_PLR1_SS0_SRVW0_SVW4_WG32_8_1, Cijk_Ailk_Bljk_HHS_BH_MT32x32x32_MI16x16x16x1_SN_1LDSB0_GRVW4_K1_LPB4_LRVW4_MIWT1_1_PLR3_SS0_SRVW0_SVW4_WG32_8_1, Cijk_Ailk_Bljk_HHS_BH_MT32x32x32_MI16x16x16x1_SN_1LDSB0_GRVW2_K1_LPB4_LRVW4_MIWT1_1_PLR3_SS0_SRVW0_SVW4_WG32_8_1, Cijk_Ailk_Bljk_HHS_BH_MT32x32x32_MI16x16x16x1_SN_1LDSB0_GRVW8_K1_LPB8_LRVW4_MIWT1_1_PLR3_SS0_SRVW0_SVW4_WG32_8_1, Cijk_Ailk_Bljk_HHS_BH_MT32x16x64_MI16x16x16x1_SN_1LDSB0_GRVW8_K1_LPB8_LRVW4_MIWT1_1_PLR1_SS0_SRVW0_SVW4_WG32_4_1, Cijk_Ailk_Bljk_HHS_BH_MT32x16x64_MI16x16x16x1_SN_1LDSB0_GRVW2_K1_LPB4_LRVW4_MIWT1_1_PLR1_SS0_SRVW0_SVW4_WG32_4_1, Cijk_Ailk_Bljk_HHS_BH_MT32x16x64_MI16x16x16x1_SN_1LDSB0_GRVW4_K1_LPB4_LRVW4_MIWT1_1_PLR1_SS0_SRVW0_SVW4_WG32_4_1, Cijk_Ailk_Bljk_HHS_BH_MT32x16x64_MI16x16x16x1_SN_1LDSB0_GRVW8_K1_LPB8_LRVW4_MIWT1_1_PLR5_SS0_SRVW0_SVW4_WG32_4_1, Cijk_Ailk_Bljk_HHS_BH_MT32x16x64_MI16x16x16x1_SN_1LDSB0_GRVW2_K1_LPB4_LRVW4_MIWT1_1_PLR5_SS0_SRVW0_SVW4_WG32_4_1, Cijk_Ailk_Bljk_HHS_BH_MT32x16x64_MI16x16x16x1_SN_1LDSB0_GRVW4_K1_LPB4_LRVW4_MIWT1_1_PLR5_SS0_SRVW0_SVW4_WG32_4_1, Cijk_Ailk_Bljk_HHS_BH_MT32x16x64_MI16x16x16x1_SN_1LDSB0_GRVW8_K1_LPB16_LRVW8_MIWT1_1_PLR5_SS0_SRVW0_SVW4_WG32_4_1, Cijk_Ailk_Bljk_HHS_BH_MT32x16x64_MI16x16x16x1_SN_1LDSB0_GRVW2_K1_LPB16_LRVW8_MIWT1_1_PLR5_SS0_SRVW0_SVW4_WG32_4_1, Cijk_Ailk_Bljk_HHS_BH_MT32x16x64_MI16x16x16x1_SN_1LDSB0_GRVW4_K1_LPB16_LRVW8_MIWT1_1_PLR5_SS0_SRVW0_SVW4_WG32_4_1, Cijk_Ailk_Bljk_HHS_BH_MT32x32x64_MI16x16x16x1_SN_1LDSB0_GRVW8_K1_LPB8_LRVW4_MIWT1_1_PLR1_SS0_SRVW0_SVW4_WG32_8_1, Cijk_Ailk_Bljk_HHS_BH_MT32x32x64_MI16x16x16x1_SN_1LDSB0_GRVW2_K1_LPB4_LRVW4_MIWT1_1_PLR1_SS0_SRVW0_SVW4_WG32_8_1, Cijk_Ailk_Bljk_HHS_BH_MT32x32x64_MI16x16x16x1_SN_1LDSB0_GRVW4_K1_LPB4_LRVW4_MIWT1_1_PLR1_SS0_SRVW0_SVW4_WG32_8_1, Cijk_Ailk_Bljk_HHS_BH_MT32x32x64_MI16x16x16x1_SN_1LDSB0_GRVW8_K1_LPB8_LRVW4_MIWT1_1_PLR5_SS0_SRVW0_SVW4_WG32_8_1, Cijk_Ailk_Bljk_HHS_BH_MT32x32x64_MI16x16x16x1_SN_1LDSB0_GRVW2_K1_LPB4_LRVW4_MIWT1_1_PLR5_SS0_SRVW0_SVW4_WG32_8_1, Cijk_Ailk_Bljk_HHS_BH_MT32x32x64_MI16x16x16x1_SN_1LDSB0_GRVW4_K1_LPB4_LRVW4_MIWT1_1_PLR5_SS0_SRVW0_SVW4_WG32_8_1, Cijk_Ailk_Bljk_HHS_BH_MT32x32x64_MI16x16x16x1_SN_1LDSB0_GRVW8_K1_LPB16_LRVW8_MIWT1_1_PLR5_SS0_SRVW0_SVW4_WG32_8_1, Cijk_Ailk_Bljk_HHS_BH_MT32x32x64_MI16x16x16x1_SN_1LDSB0_GRVW2_K1_LPB16_LRVW8_MIWT1_1_PLR5_SS0_SRVW0_SVW4_WG32_8_1, Cijk_Ailk_Bljk_HHS_BH_MT32x32x64_MI16x16x16x1_SN_1LDSB0_GRVW4_K1_LPB16_LRVW8_MIWT1_1_PLR5_SS0_SRVW0_SVW4_WG32_8_1, Cijk_Ailk_Bljk_HHS_BH_MT32x16x16_MI16x16x16x1_SN_1LDSB0_GRVW2_K1_LPB4_LRVW4_MIWT1_1_PLR1_SS0_SRVW4_SVW4_WG32_4_1, Cijk_Ailk_Bljk_HHS_BH_MT32x16x16_MI16x16x16x1_SN_1LDSB0_GRVW4_K1_LPB4_LRVW4_MIWT1_1_PLR1_SS0_SRVW4_SVW4_WG32_4_1, Cijk_Ailk_Bljk_HHS_BH_MT32x16x16_MI16x16x16x1_SN_1LDSB0_GRVW8_K1_LPB8_LRVW4_MIWT1_1_PLR1_SS0_SRVW4_SVW4_WG32_4_1, Cijk_Ailk_Bljk_HHS_BH_MT32x32x16_MI16x16x16x1_SN_1LDSB0_GRVW2_K1_LPB4_LRVW4_MIWT1_1_PLR1_SS0_SRVW4_SVW4_WG32_8_1, Cijk_Ailk_Bljk_HHS_BH_MT32x32x16_MI16x16x16x1_SN_1LDSB0_GRVW4_K1_LPB4_LRVW4_MIWT1_1_PLR1_SS0_SRVW4_SVW4_WG32_8_1, Cijk_Ailk_Bljk_HHS_BH_MT32x32x16_MI16x16x16x1_SN_1LDSB0_GRVW8_K1_LPB8_LRVW4_MIWT1_1_PLR1_SS0_SRVW4_SVW4_WG32_8_1, Cijk_Ailk_Bljk_HHS_BH_MT32x16x32_MI16x16x16x1_SN_1LDSB0_GRVW4_K1_LPB4_LRVW4_MIWT1_1_PLR1_SS0_SRVW4_SVW4_WG32_4_1, Cijk_Ailk_Bljk_HHS_BH_MT32x16x32_MI16x16x16x1_SN_1LDSB0_GRVW2_K1_LPB4_LRVW4_MIWT1_1_PLR1_SS0_SRVW4_SVW4_WG32_4_1, Cijk_Ailk_Bljk_HHS_BH_MT32x16x32_MI16x16x16x1_SN_1LDSB0_GRVW8_K1_LPB8_LRVW4_MIWT1_1_PLR1_SS0_SRVW4_SVW4_WG32_4_1, Cijk_Ailk_Bljk_HHS_BH_MT32x16x32_MI16x16x16x1_SN_1LDSB0_GRVW4_K1_LPB4_LRVW4_MIWT1_1_PLR3_SS0_SRVW4_SVW4_WG32_4_1, Cijk_Ailk_Bljk_HHS_BH_MT32x16x32_MI16x16x16x1_SN_1LDSB0_GRVW2_K1_LPB4_LRVW4_MIWT1_1_PLR3_SS0_SRVW4_SVW4_WG32_4_1, Cijk_Ailk_Bljk_HHS_BH_MT32x16x32_MI16x16x16x1_SN_1LDSB0_GRVW8_K1_LPB8_LRVW4_MIWT1_1_PLR3_SS0_SRVW4_SVW4_WG32_4_1, Cijk_Ailk_Bljk_HHS_BH_MT32x32x32_MI16x16x16x1_SN_1LDSB0_GRVW4_K1_LPB4_LRVW4_MIWT1_1_PLR1_SS0_SRVW4_SVW4_WG32_8_1, Cijk_Ailk_Bljk_HHS_BH_MT32x32x32_MI16x16x16x1_SN_1LDSB0_GRVW2_K1_LPB4_LRVW4_MIWT1_1_PLR1_SS0_SRVW4_SVW4_WG32_8_1, Cijk_Ailk_Bljk_HHS_BH_MT32x32x32_MI16x16x16x1_SN_1LDSB0_GRVW8_K1_LPB8_LRVW4_MIWT1_1_PLR1_SS0_SRVW4_SVW4_WG32_8_1, Cijk_Ailk_Bljk_HHS_BH_MT32x32x32_MI16x16x16x1_SN_1LDSB0_GRVW4_K1_LPB4_LRVW4_MIWT1_1_PLR3_SS0_SRVW4_SVW4_WG32_8_1, Cijk_Ailk_Bljk_HHS_BH_MT32x32x32_MI16x16x16x1_SN_1LDSB0_GRVW2_K1_LPB4_LRVW4_MIWT1_1_PLR3_SS0_SRVW4_SVW4_WG32_8_1, Cijk_Ailk_Bljk_HHS_BH_MT32x32x32_MI16x16x16x1_SN_1LDSB0_GRVW8_K1_LPB8_LRVW4_MIWT1_1_PLR3_SS0_SRVW4_SVW4_WG32_8_1, Cijk_Ailk_Bljk_HHS_BH_MT32x16x64_MI16x16x16x1_SN_1LDSB0_GRVW8_K1_LPB8_LRVW4_MIWT1_1_PLR1_SS0_SRVW4_SVW4_WG32_4_1, Cijk_Ailk_Bljk_HHS_BH_MT32x16x64_MI16x16x16x1_SN_1LDSB0_GRVW2_K1_LPB4_LRVW4_MIWT1_1_PLR1_SS0_SRVW4_SVW4_WG32_4_1, Cijk_Ailk_Bljk_HHS_BH_MT32x16x64_MI16x16x16x1_SN_1LDSB0_GRVW4_K1_LPB4_LRVW4_MIWT1_1_PLR1_SS0_SRVW4_SVW4_WG32_4_1, Cijk_Ailk_Bljk_HHS_BH_MT32x16x64_MI16x16x16x1_SN_1LDSB0_GRVW8_K1_LPB8_LRVW4_MIWT1_1_PLR5_SS0_SRVW4_SVW4_WG32_4_1, Cijk_Ailk_Bljk_HHS_BH_MT32x16x64_MI16x16x16x1_SN_1LDSB0_GRVW2_K1_LPB4_LRVW4_MIWT1_1_PLR5_SS0_SRVW4_SVW4_WG32_4_1, Cijk_Ailk_Bljk_HHS_BH_MT32x16x64_MI16x16x16x1_SN_1LDSB0_GRVW4_K1_LPB4_LRVW4_MIWT1_1_PLR5_SS0_SRVW4_SVW4_WG32_4_1, Cijk_Ailk_Bljk_HHS_BH_MT32x16x64_MI16x16x16x1_SN_1LDSB0_GRVW8_K1_LPB16_LRVW8_MIWT1_1_PLR5_SS0_SRVW4_SVW4_WG32_4_1, Cijk_Ailk_Bljk_HHS_BH_MT32x16x64_MI16x16x16x1_SN_1LDSB0_GRVW2_K1_LPB16_LRVW8_MIWT1_1_PLR5_SS0_SRVW4_SVW4_WG32_4_1, Cijk_Ailk_Bljk_HHS_BH_MT32x16x64_MI16x16x16x1_SN_1LDSB0_GRVW4_K1_LPB16_LRVW8_MIWT1_1_PLR5_SS0_SRVW4_SVW4_WG32_4_1, Cijk_Ailk_Bljk_HHS_BH_MT32x32x64_MI16x16x16x1_SN_1LDSB0_GRVW8_K1_LPB8_LRVW4_MIWT1_1_PLR1_SS0_SRVW4_SVW4_WG32_8_1, Cijk_Ailk_Bljk_HHS_BH_MT32x32x64_MI16x16x16x1_SN_1LDSB0_GRVW2_K1_LPB4_LRVW4_MIWT1_1_PLR1_SS0_SRVW4_SVW4_WG32_8_1, Cijk_Ailk_Bljk_HHS_BH_MT32x32x64_MI16x16x16x1_SN_1LDSB0_GRVW4_K1_LPB4_LRVW4_MIWT1_1_PLR1_SS0_SRVW4_SVW4_WG32_8_1, Cijk_Ailk_Bljk_HHS_BH_MT32x32x64_MI16x16x16x1_SN_1LDSB0_GRVW8_K1_LPB8_LRVW4_MIWT1_1_PLR5_SS0_SRVW4_SVW4_WG32_8_1, Cijk_Ailk_Bljk_HHS_BH_MT32x32x64_MI16x16x16x1_SN_1LDSB0_GRVW2_K1_LPB4_LRVW4_MIWT1_1_PLR5_SS0_SRVW4_SVW4_WG32_8_1, Cijk_Ailk_Bljk_HHS_BH_MT32x32x64_MI16x16x16x1_SN_1LDSB0_GRVW4_K1_LPB4_LRVW4_MIWT1_1_PLR5_SS0_SRVW4_SVW4_WG32_8_1, Cijk_Ailk_Bljk_HHS_BH_MT32x32x64_MI16x16x16x1_SN_1LDSB0_GRVW8_K1_LPB16_LRVW8_MIWT1_1_PLR5_SS0_SRVW4_SVW4_WG32_8_1, Cijk_Ailk_Bljk_HHS_BH_MT32x32x64_MI16x16x16x1_SN_1LDSB0_GRVW2_K1_LPB16_LRVW8_MIWT1_1_PLR5_SS0_SRVW4_SVW4_WG32_8_1, Cijk_Ailk_Bljk_HHS_BH_MT32x32x64_MI16x16x16x1_SN_1LDSB0_GRVW4_K1_LPB16_LRVW8_MIWT1_1_PLR5_SS0_SRVW4_SVW4_WG32_8_1, Cijk_Ailk_Bljk_HHS_BH_MT32x16x16_MI16x16x16x1_SN_1LDSB0_GRVW2_K1_LPB4_LRVW4_MIWT1_1_PLR1_SS1_SRVW0_SVW1_WG32_4_1, Cijk_Ailk_Bljk_HHS_BH_MT32x16x16_MI16x16x16x1_SN_1LDSB0_GRVW4_K1_LPB4_LRVW4_MIWT1_1_PLR1_SS1_SRVW0_SVW1_WG32_4_1, Cijk_Ailk_Bljk_HHS_BH_MT32x16x16_MI16x16x16x1_SN_1LDSB0_GRVW8_K1_LPB8_LRVW4_MIWT1_1_PLR1_SS1_SRVW0_SVW1_WG32_4_1, Cijk_Ailk_Bljk_HHS_BH_MT32x32x16_MI16x16x16x1_SN_1LDSB0_GRVW2_K1_LPB4_LRVW4_MIWT1_1_PLR1_SS1_SRVW0_SVW1_WG32_8_1, Cijk_Ailk_Bljk_HHS_BH_MT32x32x16_MI16x16x16x1_SN_1LDSB0_GRVW4_K1_LPB4_LRVW4_MIWT1_1_PLR1_SS1_SRVW0_SVW1_WG32_8_1, Cijk_Ailk_Bljk_HHS_BH_MT32x32x16_MI16x16x16x1_SN_1LDSB0_GRVW8_K1_LPB8_LRVW4_MIWT1_1_PLR1_SS1_SRVW0_SVW1_WG32_8_1, Cijk_Ailk_Bljk_HHS_BH_MT32x16x32_MI16x16x16x1_SN_1LDSB0_GRVW4_K1_LPB4_LRVW4_MIWT1_1_PLR1_SS1_SRVW0_SVW1_WG32_4_1, Cijk_Ailk_Bljk_HHS_BH_MT32x16x32_MI16x16x16x1_SN_1LDSB0_GRVW2_K1_LPB4_LRVW4_MIWT1_1_PLR1_SS1_SRVW0_SVW1_WG32_4_1, Cijk_Ailk_Bljk_HHS_BH_MT32x16x32_MI16x16x16x1_SN_1LDSB0_GRVW8_K1_LPB8_LRVW4_MIWT1_1_PLR1_SS1_SRVW0_SVW1_WG32_4_1, Cijk_Ailk_Bljk_HHS_BH_MT32x16x32_MI16x16x16x1_SN_1LDSB0_GRVW4_K1_LPB4_LRVW4_MIWT1_1_PLR3_SS1_SRVW0_SVW1_WG32_4_1, Cijk_Ailk_Bljk_HHS_BH_MT32x16x32_MI16x16x16x1_SN_1LDSB0_GRVW2_K1_LPB4_LRVW4_MIWT1_1_PLR3_SS1_SRVW0_SVW1_WG32_4_1, Cijk_Ailk_Bljk_HHS_BH_MT32x16x32_MI16x16x16x1_SN_1LDSB0_GRVW8_K1_LPB8_LRVW4_MIWT1_1_PLR3_SS1_SRVW0_SVW1_WG32_4_1, Cijk_Ailk_Bljk_HHS_BH_MT32x32x32_MI16x16x16x1_SN_1LDSB0_GRVW4_K1_LPB4_LRVW4_MIWT1_1_PLR1_SS1_SRVW0_SVW1_WG32_8_1, Cijk_Ailk_Bljk_HHS_BH_MT32x32x32_MI16x16x16x1_SN_1LDSB0_GRVW2_K1_LPB4_LRVW4_MIWT1_1_PLR1_SS1_SRVW0_SVW1_WG32_8_1, Cijk_Ailk_Bljk_HHS_BH_MT32x32x32_MI16x16x16x1_SN_1LDSB0_GRVW8_K1_LPB8_LRVW4_MIWT1_1_PLR1_SS1_SRVW0_SVW1_WG32_8_1, Cijk_Ailk_Bljk_HHS_BH_MT32x32x32_MI16x16x16x1_SN_1LDSB0_GRVW4_K1_LPB4_LRVW4_MIWT1_1_PLR3_SS1_SRVW0_SVW1_WG32_8_1, Cijk_Ailk_Bljk_HHS_BH_MT32x32x32_MI16x16x16x1_SN_1LDSB0_GRVW2_K1_LPB4_LRVW4_MIWT1_1_PLR3_SS1_SRVW0_SVW1_WG32_8_1, Cijk_Ailk_Bljk_HHS_BH_MT32x32x32_MI16x16x16x1_SN_1LDSB0_GRVW8_K1_LPB8_LRVW4_MIWT1_1_PLR3_SS1_SRVW0_SVW1_WG32_8_1, Cijk_Ailk_Bljk_HHS_BH_MT32x16x64_MI16x16x16x1_SN_1LDSB0_GRVW8_K1_LPB8_LRVW4_MIWT1_1_PLR1_SS1_SRVW0_SVW1_WG32_4_1, Cijk_Ailk_Bljk_HHS_BH_MT32x16x64_MI16x16x16x1_SN_1LDSB0_GRVW2_K1_LPB4_LRVW4_MIWT1_1_PLR1_SS1_SRVW0_SVW1_WG32_4_1, Cijk_Ailk_Bljk_HHS_BH_MT32x16x64_MI16x16x16x1_SN_1LDSB0_GRVW4_K1_LPB4_LRVW4_MIWT1_1_PLR1_SS1_SRVW0_SVW1_WG32_4_1, Cijk_Ailk_Bljk_HHS_BH_MT32x16x64_MI16x16x16x1_SN_1LDSB0_GRVW8_K1_LPB8_LRVW4_MIWT1_1_PLR5_SS1_SRVW0_SVW1_WG32_4_1, Cijk_Ailk_Bljk_HHS_BH_MT32x16x64_MI16x16x16x1_SN_1LDSB0_GRVW2_K1_LPB4_LRVW4_MIWT1_1_PLR5_SS1_SRVW0_SVW1_WG32_4_1, Cijk_Ailk_Bljk_HHS_BH_MT32x16x64_MI16x16x16x1_SN_1LDSB0_GRVW4_K1_LPB4_LRVW4_MIWT1_1_PLR5_SS1_SRVW0_SVW1_WG32_4_1, Cijk_Ailk_Bljk_HHS_BH_MT32x16x64_MI16x16x16x1_SN_1LDSB0_GRVW8_K1_LPB16_LRVW8_MIWT1_1_PLR5_SS1_SRVW0_SVW1_WG32_4_1, Cijk_Ailk_Bljk_HHS_BH_MT32x16x64_MI16x16x16x1_SN_1LDSB0_GRVW2_K1_LPB16_LRVW8_MIWT1_1_PLR5_SS1_SRVW0_SVW1_WG32_4_1, Cijk_Ailk_Bljk_HHS_BH_MT32x16x64_MI16x16x16x1_SN_1LDSB0_GRVW4_K1_LPB16_LRVW8_MIWT1_1_PLR5_SS1_SRVW0_SVW1_WG32_4_1, Cijk_Ailk_Bljk_HHS_BH_MT32x32x64_MI16x16x16x1_SN_1LDSB0_GRVW8_K1_LPB8_LRVW4_MIWT1_1_PLR1_SS1_SRVW0_SVW1_WG32_8_1, Cijk_Ailk_Bljk_HHS_BH_MT32x32x64_MI16x16x16x1_SN_1LDSB0_GRVW2_K1_LPB4_LRVW4_MIWT1_1_PLR1_SS1_SRVW0_SVW1_WG32_8_1, Cijk_Ailk_Bljk_HHS_BH_MT32x32x64_MI16x16x16x1_SN_1LDSB0_GRVW4_K1_LPB4_LRVW4_MIWT1_1_PLR1_SS1_SRVW0_SVW1_WG32_8_1, Cijk_Ailk_Bljk_HHS_BH_MT32x32x64_MI16x16x16x1_SN_1LDSB0_GRVW8_K1_LPB8_LRVW4_MIWT1_1_PLR5_SS1_SRVW0_SVW1_WG32_8_1, Cijk_Ailk_Bljk_HHS_BH_MT32x32x64_MI16x16x16x1_SN_1LDSB0_GRVW2_K1_LPB4_LRVW4_MIWT1_1_PLR5_SS1_SRVW0_SVW1_WG32_8_1, Cijk_Ailk_Bljk_HHS_BH_MT32x32x64_MI16x16x16x1_SN_1LDSB0_GRVW4_K1_LPB4_LRVW4_MIWT1_1_PLR5_SS1_SRVW0_SVW1_WG32_8_1, Cijk_Ailk_Bljk_HHS_BH_MT32x32x64_MI16x16x16x1_SN_1LDSB0_GRVW8_K1_LPB16_LRVW8_MIWT1_1_PLR5_SS1_SRVW0_SVW1_WG32_8_1, Cijk_Ailk_Bljk_HHS_BH_MT32x32x64_MI16x16x16x1_SN_1LDSB0_GRVW2_K1_LPB16_LRVW8_MIWT1_1_PLR5_SS1_SRVW0_SVW1_WG32_8_1, Cijk_Ailk_Bljk_HHS_BH_MT32x32x64_MI16x16x16x1_SN_1LDSB0_GRVW4_K1_LPB16_LRVW8_MIWT1_1_PLR5_SS1_SRVW0_SVW1_WG32_8_1
0, 1104, 1335, 1, 4608, 1104, 1104, 1104, 4608, 13582909440, 13.3636, 0.934608, 34594.8, 392.628, 85, Cijk_Ailk_Bljk_HHS_BH_MT32x32x32_MI16x16x16x1_SN_1LDSB0_GRVW2_K1_LPB4_LRVW4_MIWT1_1_PLR1_SS1_SRVW0_SVW1_WG32_8_1, 16818.3, 16679.2, 16704.5, 25238.5, 25374.3, 25398.6, 21377, 19297.2, 23124.5, 21423.9, 19391.1, 23072.9, 33087.4, 34585, 32419, 33089.9, 11486.7, 32483.4, 28219.3, 28367.4, 26787.5, 28186.5, 28420.6, 26758.8, 28233.4, 28425.3, 26806.9, 27890.2, 27005.6, 27219.5, 27751.6, 27007.4, 27654.9, 28615, 28488.3, 27411.1, 16705.8, 16592.2, 16660.2, 25198.1, 25313.8, 25204.8, 21574.7, 19318.3, 23055.4, 21644, 19386.7, 23059.8, 33044.9, 34517.4, 32372, 33033.3, 34101.5, 32319, 28169.7, 28409.2, 26774, 28154.8, 28391.1, 26770.6, 28251.3, 28429.1, 26790, 27610.8, 26917.4, 10513.8, 27430.6, 26962.8, 27311.5, 28510.3, 27972.9, 28527.5, 16422.4, 16417.9, 16363.8, 25286.6, 25246.8, 25187.6, 21789, 19335, 23006.6, 21610.4, 19447.9, 23035.4, 33059, 34594.8, 32247.8, 33104.1, 34486.6, 32457.4, 28195.9, 28384.5, 26812, 28175.3, 28350.3, 26787.5, 28269.1, 28390.1, 26752.9, 27503.5, 26980.8, 27399.6, 27503.5, 26932.8, 27923.2, 28631.4, 27697.3, 28277.6
1, 1104, 1408, 1, 4608, 1104, 1104, 1104, 4608, 14325645312, 14, 0.985714, 35107.4, 408.052, 85, Cijk_Ailk_Bljk_HHS_BH_MT32x32x32_MI16x16x16x1_SN_1LDSB0_GRVW2_K1_LPB4_LRVW4_MIWT1_1_PLR1_SS1_SRVW0_SVW1_WG32_8_1, 16443.4, 16535.7, 16710.7, 25621.5, 25514.9, 25491.6, 21619.3, 7069.2, 23601.4, 21720, 19287, 23572.8, 34732.8, 35077.1, 34013.7, 34697.8, 35027.7, 34095.3, 28930.6, 28543.2, 27026, 28950.2, 28625.3, 27002.3, 28961.4, 28682.2, 27039.8, 28455.2, 28045.2, 28446.2, 28451.6, 28022.4, 28581.5, 29219.5, 28772.5, 28770.7, 16746, 16612.4, 16529.6, 25407, 25493.8, 25422.9, 21671.7, 19392.7, 23574.7, 21683.2, 19480.9, 23498.6, 34726.1, 34978.4, 34049.9, 34724.7, 35018.1, 34033.1, 28866.2, 28635.4, 27017, 28902.5, 28563.2, 27015.4, 28956.8, 28702.4, 26999.9, 28427.2, 28089.2, 28448.9, 28462.4, 27591.5, 28469.7, 28989.6, 28389.3, 28915.6, 16150.9, 16292.9, 16509.5, 25338, 25566.6, 25536.7, 21842.4, 19461, 23566, 21983.5, 19559.6, 23514, 34749, 35107.4, 34074.5, 34750.4, 35049.6, 34033.1, 28903.5, 28567.8, 26988.5, 28878.3, 28645.5, 26961.7, 28923.1, 28630.8, 27006.4, 28607.9, 28502.3, 28440.7, 28651, 28263, 28814.2, 28981.1, 28623.5, 28694.1
2, 4608, 1, 1, 320, 4608, 4608, 4608, 320, 2949120, 1.30909, 0.0409091, 463.108, 6.3681, 24, Cijk_Ailk_Bljk_HHS_BH_MT32x16x64_MI16x16x16x1_SN_1LDSB0_GRVW8_K1_LPB16_LRVW8_MIWT1_1_PLR5_SS0_SRVW0_SVW4_WG32_4_1, 332.704, 332.104, 335.123, 330.319, 333.305, 330.912, 411.429, 408.686, 416.066, 408.686, 404.211, 412.343, 388.856, 377.7, 372.359, 389.678, 377.7, 376.158, 459.644, 446.289, 446.289, 457.363, 443.07, 449.554, 463.108, 443.07, 445.211, 319.997, 309.775, 319.997, 319.997, 307.197, 320.553, 334.515, 314.536, 325.65, 322.799, 324.503, 324.503, 325.076, 326.805, 322.799, 394.684, 389.678, 403.321, 399.821, 390.503, 398.094, 375.392, 364.986, 364.986, 378.476, 364.986, 360.7, 440.95, 424.694, 427.65, 431.656, 422.746, 430.648, 439.898, 425.675, 428.645, 304.658, 293.031, 300.682, 305.162, 297.287, 304.658, 316.154, 299.218, 310.3, 332.104, 326.226, 325.076, 327.968, 327.968, 321.111, 403.321, 401.563, 408.686, 400.696, 394.684, 402.44, 381.61, 373.113, 370.116, 379.254, 375.392, 360.7, 455.111, 440.957, 436.777, 450.653, 431.656, 445.211, 457.363, 436.771, 445.211, 315.074, 302.161, 314, 311.875, 302.657, 311.348, 322.799, 306.686, 318.889
3, 4608, 16, 1, 320, 4608, 4608, 4608, 320, 47185920, 1.30909, 0.654545, 7354.41, 6.416, 96, Cijk_Ailk_Bljk_HHS_BH_MT32x16x64_MI16x16x16x1_SN_1LDSB0_GRVW8_K1_LPB16_LRVW8_MIWT1_1_PLR5_SS1_SRVW0_SVW1_WG32_4_1, 5342.55, 5266.23, 5342.55, 5256.84, 5146.75, 5146.75, 6495.77, 6439.04, 6524.51, 6481.49, 6439.13, 6538.98, 6080.58, 6018.54, 5898.17, 6055.61, 5969.8, 5909.99, 7157.95, 7021.61, 7089.12, 7157.95, 6906.5, 7089.12, 7228.12, 7055.21, 7140.62, 5058.47, 4834.52, 4998.46, 4964.8, 4818.77, 4998.46, 5192.06, 4939.85, 5102.23, 5228.88, 5228.88, 5210.4, 5155.75, 5146.75, 5041.12, 6383.29, 6301.45, 6538.98, 6425.01, 6208.59, 6467.28, 5957.74, 5839.77, 5793.88, 6043.2, 5886.39, 5737.52, 7021.61, 6702.45, 6842.41, 7089.12, 6733.05, 7004.93, 7038.37, 6733.05, 6971.81, 4842.51, 4644.19, 4834.52, 4826.66, 4688.54, 4834.57, 4964.8, 4703.49, 4939.85, 5313.67, 5342.55, 5285.1, 5164.78, 5192.06, 5119.94, 6538.98, 6439.04, 6627.24, 6627.24, 6568.1, 6687.25, 5981.91, 5182.93, 5909.99, 5981.91, 5957.74, 5898.24, 7246, 6939.11, 7175.47, 7021.71, 7005.04, 7072.23, 7354.41, 6874.41, 7175.47, 4964.8, 4756.6, 4948.14, 4898.77, 4741.3, 4939.85, 5075.88, 4810.91, 4998.46
4, 4608, 1335, 1, 320, 4608, 4608, 4608, 320, 3937075200, 54.9818, 0.992975, 36319.5, 108.401, 49, Cijk_Ailk_Bljk_HHS_BH_MT32x32x32_MI16x16x16x1_SN_1LDSB0_GRVW2_K1_LPB4_LRVW4_MIWT1_1_PLR1_SS0_SRVW4_SVW4_WG32_8_1, 21528, 21537.4, 21212.5, 26255.3, 25157.4, 24633.5, 26883.5, 26951.2, 27054.9, 26909.9, 26974.8, 27096.6, 35152, 35257.9, 35027, 35147, 35262.9, 35007, 30155, 29600, 29854.9, 30166, 29646.3, 29851.3, 30314.7, 29692.8, 29811.5, 20054.2, 19674.1, 20114.8, 20024.8, 19715.1, 20161, 20561.9, 20047.6, 20362.8, 20527.6, 21837.5, 20729.9, 25315.3, 24867.6, 25380.5, 27901.6, 27961.9, 27917.5, 27885.8, 27908, 27889, 36074.5, 36319.5, 35948.1, 36095.7, 36212.6, 35969.1, 30800.4, 29873.1, 30529.1, 30746.5, 29847.7, 30529.1, 31057, 30015.2, 30612.6, 19746.8, 19477.9, 19901.7, 19762.6, 19467.1, 19884, 20364.5, 19837.5, 20156, 21315.3, 21656.8, 21654.9, 24343.5, 24336.3, 24862.5, 27022.2, 27087.7, 27159.4, 27013.3, 27037.1, 27102.6, 35630.5, 35491.8, 35308.4, 35589.3, 35527.6, 35537.9, 30457.3, 29807.9, 30059.2, 30491.2, 29854.9, 30092.3, 30563.2, 29945.8, 30103.3, 20844.1, 20418.6, 20963.1, 20773.7, 20384.8, 20895.4, 21376.5, 20817.6, 21196
5, 4608, 1408, 1, 320, 4608, 4608, 4608, 320, 4152360960, 57.6, 0.993103, 36733.1, 113.041, 52, Cijk_Ailk_Bljk_HHS_BH_MT32x32x32_MI16x16x16x1_SN_1LDSB0_GRVW2_K1_LPB4_LRVW4_MIWT1_1_PLR3_SS0_SRVW4_SVW4_WG32_8_1, 21684.5, 21601.4, 21314, 25338.8, 25328.9, 24758.6, 27055.8, 27106.7, 27209, 27067.1, 27126.5, 27189.1, 35653.2, 35648.3, 35414.8, 35677.7, 35575, 35381, 30395.8, 29864.2, 30033.5, 30370.9, 29847, 30044, 30485.1, 29905.5, 30054.4, 20156.9, 19854.6, 20197.7, 20119.4, 19869.8, 20216.5, 20664, 20145.9, 20426.6, 21347.3, 21315.8, 20054.1, 25101, 24620, 26707.8, 28038, 28113.9, 27983.6, 28001.7, 28074.4, 28022.8, 36557.2, 36665.7, 36311.7, 36557.2, 36733.1, 36306.6, 30862.1, 30092.7, 30694.2, 30836.5, 30040.5, 30705.1, 31184.8, 30197.8, 30756.1, 19915.6, 19648.7, 20083.6, 19932.4, 19579, 20032.4, 20496, 19975.3, 20295.6, 21757.2, 21777.3, 21782.8, 24894, 26694.1, 26014.4, 27174.8, 27223.3, 27249, 27194.7, 27254.7, 27283.4, 36230.6, 35909.7, 35790.9, 36124.7, 35875, 36019.4, 30730.6, 30061.4, 30296.5, 30603.7, 30176.7, 30275.3, 30723.3, 30225.9, 30310.6, 20881.9, 20577.2, 21035.9, 20845, 20549.5, 21000.1, 21400.2, 20969.6, 21240.8
6, 768, 1335, 1, 4608, 768, 768, 768, 4608, 9448980480, 9.16364, 0.910227, 37588.6, 251.379, 52, Cijk_Ailk_Bljk_HHS_BH_MT32x32x32_MI16x16x16x1_SN_1LDSB0_GRVW2_K1_LPB4_LRVW4_MIWT1_1_PLR3_SS0_SRVW4_SVW4_WG32_8_1, 21077.7, 20822, 20988.5, 25966.4, 26086.9, 25884.5, 26028.2, 26071.9, 25301.2, 26310, 26553.7, 25507.7, 35915.3, 37251.9, 35614.2, 35481.5, 37543.2, 35854.2, 31714.4, 31538.3, 30280.2, 31820.4, 31748.5, 30660.6, 32105.8, 31972, 30450.4, 27474, 27393.8, 7654.33, 27466.4, 27350.6, 27583.1, 28120.3, 27643.8, 27885.3, 21124.4, 21049.1, 20751.8, 26122.6, 26158.5, 25928.8, 26253.9, 26475.1, 25239.5, 26393.5, 26532.2, 25309.9, 35341.4, 37502.7, 35817.2, 35830.3, 37588.6, 35897.8, 31762.2, 32065.7, 30718.1, 31818.7, 31916.7, 30790.1, 32041.4, 31740, 30732.4, 27451.1, 27373.4, 27419.2, 27611.5, 27411.6, 27391.2, 28222.4, 27481.7, 27560, 20872.1, 20685.6, 20496.8, 25948.2, 26034, 26036.3, 26349.9, 26680.9, 25184.6, 26381.7, 26285.4, 25425.4, 35388, 37398.2, 35791.2, 36170.4, 37450.4, 35739.2, 31822.1, 31935.7, 30751.6, 31904.6, 31810.1, 30721.2, 32244.3, 31928.8, 30613, 27588.3, 27387.4, 27513.7, 27773.8, 27433.2, 27621.8, 29468.8, 27853.7, 28044.2
7, 768, 1408, 1, 4608, 768, 768, 768, 4608, 9965666304, 9.6, 0.96, 38707.8, 257.459, 85, Cijk_Ailk_Bljk_HHS_BH_MT32x32x32_MI16x16x16x1_SN_1LDSB0_GRVW2_K1_LPB4_LRVW4_MIWT1_1_PLR1_SS1_SRVW0_SVW1_WG32_8_1, 21415.5, 20772, 21307.8, 27214, 27134.6, 26907.2, 26291.6, 26785.7, 26249.5, 26319.3, 26486.1, 25969.3, 36107.1, 38674.1, 36979.6, 36222.6, 38442.6, 36975.2, 32637.1, 32485.6, 31103.5, 32745.2, 32305.4, 31015.2, 32942.7, 32370.8, 30899.8, 28946.7, 28794.2, 28794.2, 29140.4, 28839.5, 28730.4, 29375.4, 28932, 29591.7, 21464.2, 21030.8, 21053.5, 27227.1, 27258.1, 26995.8, 26231.8, 26640.2, 26014.8, 26551.6, 26975.9, 26104.2, 36102.9, 38643, 37085.3, 35930, 38587.9, 37262.8, 32633.7, 32574, 31108.1, 32637.1, 32307, 31172, 32854.1, 32345.6, 31032.2, 29151.3, 28925.2, 28890.4, 28946.8, 28842.2, 28848.9, 29046.6, 29106.4, 29143.1, 20964.9, 20980.5, 20870.8, 27131, 27202.1, 26904.8, 26318.2, 26567.4, 26281.6, 26247.2, 26712.1, 25936.8, 36132.2, 38707.8, 37198.2, 36224.7, 38599.8, 37164.9, 32864.5, 32517.9, 31250.2, 32800.4, 32278.6, 31324, 32967.1, 32180.2, 31250.2, 29189.6, 28807.5, 28820.8, 29174.5, 28894.4, 28373.1, 29206, 28934.7, 29354.7
8, 4608, 1, 1, 768, 4608, 4608, 4608, 768, 7077888, 1.30909, 0.0409091, 657.301, 10.7681, 22, Cijk_Ailk_Bljk_HHS_BH_MT32x16x64_MI16x16x16x1_SN_1LDSB0_GRVW2_K1_LPB4_LRVW4_MIWT1_1_PLR5_SS0_SRVW0_SVW4_WG32_4_1, 343.983, 337.423, 339.495, 344.789, 345.327, 342.918, 502.117, 509.05, 499.847, 510.814, 507.882, 493.16, 489.342, 495.925, 493.16, 493.711, 485.049, 480.306, 646.731, 650.535, 605.144, 653.418, 657.301, 590.602, 653.418, 642.971, 592.977, 432.84, 426.168, 428.646, 438.419, 426.579, 424.532, 446.38, 435.828, 431.153, 345.325, 328.894, 326.226, 343.184, 345.597, 343.717, 486.115, 496.481, 488.801, 489.884, 489.884, 484.518, 477.716, 478.75, 469.101, 479.265, 478.747, 476.17, 635.575, 635.581, 579.765, 567.862, 635.575, 582.825, 636.495, 639.254, 586.69, 426.579, 415.755, 415.755, 426.582, 419.699, 418.508, 434.968, 420.897, 424.532, 342.122, 327.192, 335.887, 339.496, 333.608, 338.715, 509.637, 502.117, 501.547, 494.815, 509.05, 497.039, 475.147, 477.197, 470.598, 490.427, 481.879, 482.931, 647.678, 645.787, 585.908, 647.678, 641.107, 595.376, 647.678, 651.487, 599.41, 433.267, 425.349, 421.699, 437.117, 419.699, 423.719, 441.039, 427.404, 426.991
9, 4608, 16, 1, 768, 4608, 4608, 4608, 768, 113246208, 1.30909, 0.654545, 9669.08, 11.7122, 97, Cijk_Ailk_Bljk_HHS_BH_MT32x16x64_MI16x16x16x1_SN_1LDSB0_GRVW2_K1_LPB16_LRVW8_MIWT1_1_PLR5_SS1_SRVW0_SVW1_WG32_4_1, 5423.59, 5297.75, 5333.68, 5444.48, 5345.79, 5321.67, 8052.09, 8061.26, 7838.08, 8052.09, 8079.67, 7952.57, 7777.79, 7545.67, 7481.81, 7769.25, 7820.76, 7635.16, 9564.55, 9551.73, 8970.64, 9462.26, 9487.71, 8970.64, 9642.74, 9337.51, 9016.35, 6652.07, 6689.8, 6670.88, 6614.77, 6721.56, 6639.63, 6696.13, 6715.18, 6696.13, 5508.03, 5258.41, 5266.24, 5285.9, 5398.8, 5293.81, 7952.57, 8006.55, 7760.74, 7786.35, 8061.26, 7925.86, 7594.25, 7760.79, 7537.59, 7497.66, 7726.9, 7529.62, 9526.01, 9387.04, 8673.75, 9437.11, 9424.54, 8803.21, 9437.11, 9424.54, 8925.32, 6505.34, 6541.41, 6493.4, 6505.34, 6541.41, 6505.34, 6596.28, 6670.88, 6584.01, 5559.95, 5407.04, 5297.77, 5313.68, 5520.92, 5370.1, 8006.6, 8154.19, 7988.53, 8070.51, 8173.02, 7873.01, 7769.31, 7777.79, 7610.53, 7668.25, 7718.47, 7561.8, 9603.57, 9487.63, 8914.08, 9629.7, 9525.93, 8869.39, 9642.82, 9669.08, 8959.21, 6571.78, 6620.96, 6652.07, 6596.28, 6677.17, 6596.28, 6670.88, 6689.8, 6608.6
10, 4608, 1335, 1, 768, 4608, 4608, 4608, 768, 9448980480, 54.9818, 0.992975, 40962.4, 230.675, 52, Cijk_Ailk_Bljk_HHS_BH_MT32x32x32_MI16x16x16x1_SN_1LDSB0_GRVW2_K1_LPB4_LRVW4_MIWT1_1_PLR3_SS0_SRVW4_SVW4_WG32_8_1, 22572.1, 22572.1, 22510.2, 28298.2, 28744.4, 28475.6, 28476.9, 28547.1, 28603.8, 28492, 28601.1, 28687.2, 39554.9, 39942.8, 39331, 39457.1, 40097.4, 39310, 31894.3, 32263.7, 31127.7, 32065.7, 32223.2, 31140.8, 32119.8, 32330.8, 31185.2, 23461.7, 23488.8, 24142.7, 23778.2, 23694.2, 24083.6, 24277.7, 24385, 24346.7, 22477.6, 22677.9, 22635.3, 28215.7, 28695.6, 28431.7, 28963, 29081.3, 28965.8, 28827.2, 28988.6, 29097.1, 40247.7, 40758.8, 40124.6, 40275.2, 40962.4, 40100.1, 32380.4, 32667, 31673.6, 32364.5, 32512.4, 31677, 32560.8, 32779.4, 31671.9, 23486, 23476.6, 23983.9, 23953.7, 23550.6, 23908.1, 23806, 23943, 24380.9, 22567, 22491.3, 22459.7, 28641.3, 28796.3, 28356.6, 28570.6, 28710.9, 28705.3, 28599.7, 28628.8, 28740.2, 39832.4, 40253.2, 39623.9, 39722.5, 40297.2, 39679.8, 32283.1, 32345, 31340.8, 32156.5, 32274.3, 31299.3, 32307.8, 32407.1, 31402.5, 24418.2, 24130.9, 24721.8, 24446.5, 24065, 24460.7, 24572.7, 25097.9, 24917.9
11, 4608, 1408, 1, 768, 4608, 4608, 4608, 768, 9965666304, 57.6, 0.993103, 41390.7, 240.771, 49, Cijk_Ailk_Bljk_HHS_BH_MT32x32x32_MI16x16x16x1_SN_1LDSB0_GRVW2_K1_LPB4_LRVW4_MIWT1_1_PLR1_SS0_SRVW4_SVW4_WG32_8_1, 22717.6, 22715.1, 22749.9, 28937.3, 28731.8, 28903.8, 28568.4, 28811.5, 28832.8, 28534.3, 28807.5, 28826.2, 39790.9, 40282.4, 39717.3, 39785.8, 40455.1, 39788.4, 32379.2, 32531.5, 31501.5, 32332.2, 32424.8, 31482.4, 32394.4, 32406.2, 31488.7, 23917, 24283.5, 24328.1, 23898.7, 23917, 24287.3, 24311, 24369.9, 24459.9, 22749.1, 22677, 22543.2, 29088.7, 28925.2, 29351.9, 29046.6, 29274.6, 29139.1, 29111.8, 29291.2, 29236.2, 40536.7, 41390.7, 40547.3, 40637.2, 41385.2, 40373.8, 32719.4, 32795.2, 31908.2, 32745.2, 32940.9, 31869, 32885.3, 33033.5, 32023, 23632.1, 23863.9, 24287.3, 23807.3, 23919.8, 24546.7, 24479.1, 24182.6, 24325.2, 22696, 22726.7, 22758.2, 29251.3, 28753, 28768.9, 28630.1, 28803.5, 28858.2, 28774.2, 28898.4, 28802.2, 40186.3, 40703.6, 40080.3, 40230.4, 40687.7, 40090.6, 32519.6, 32567.2, 31753.6, 32596.1, 32585.9, 31743.9, 32743.5, 32647.4, 31685.8, 24392.9, 24633.1, 24762.3, 24352.8, 24467.6, 24747.6, 24697.5, 24825.5, 24976.8
12, 320, 8192, 1, 320, 320, 320, 320, 320, 1677721600, 23.2727, 0.969697, 33694.2, 49.7926, 84, Cijk_Ailk_Bljk_HHS_BH_MT32x32x32_MI16x16x16x1_SN_1LDSB0_GRVW4_K1_LPB4_LRVW4_MIWT1_1_PLR1_SS1_SRVW0_SVW1_WG32_8_1, 19599.3, 20242.5, 17183.9, 22750.4, 22084.3, 23595.1, 26057.8, 26031.9, 26201, 26129.2, 26168.3, 26279.8, 33235, 33203.4, 33298.3, 33415, 33340.7, 33150.9, 27924.5, 27601.1, 27652, 27703.2, 27644.7, 27791.2, 28126.7, 27688.5, 27850.3, 21140.4, 20141.4, 21144.7, 21119.1, 20087.4, 21178.9, 22112.3, 20507.8, 21664.5, 19346.2, 20045.2, 18691, 20022.2, 25061.3, 24071.7, 26640.4, 26579.6, 26452.2, 26653.9, 26681, 26326, 33171.9, 33436.3, 33077.7, 33277.2, 33361.9, 33077.7, 27521.4, 27242.5, 27615.6, 27514.1, 27285, 27557.5, 27872.5, 27399.1, 27572, 20628.8, 19680.3, 20702.2, 20552, 19617.7, 20641, 21597.6, 20064.4, 21196, 20427.9, 20356.5, 20419.9, 23701.7, 23896.2, 24759.5, 26207.6, 26148.7, 26214.1, 26233.8, 26233.8, 26083.7, 33694.2, 33554, 33436.3, 33554.1, 33436.4, 33361.9, 28126.7, 27857.7, 28044, 28156.9, 27783.9, 28081.5, 28509.1, 27954.3, 28194.8, 21727.4, 20649.2, 21817.8, 21713.9, 20685.8, 21786.1, 22809.8, 21034.4, 22333.6
13, 640, 2048, 1, 640, 640, 640, 640, 640, 1677721600, 11.6364, 0.969697, 35922, 46.7046, 52, Cijk_Ailk_Bljk_HHS_BH_MT32x32x32_MI16x16x16x1_SN_1LDSB0_GRVW2_K1_LPB4_LRVW4_MIWT1_1_PLR3_SS0_SRVW4_SVW4_WG32_8_1, 20006.9, 20079.8, 19573.7, 24579.6, 26472.2, 25419.7, 25568.5, 25719, 25763.2, 25706.4, 25750.6, 25890.4, 35340.9, 35460.4, 35340.9, 35436.5, 35556.5, 35305.2, 29470.6, 29704.4, 29654, 29404.5, 29797.2, 29687.6, 29512.1, 29805.7, 29839.6, 27045.8, 24631.5, 26613.3, 27038.8, 24596.8, 27200.1, 28933.9, 25413.6, 28293.7, 19610.3, 20129.9, 19428.7, 25807.6, 23478.8, 22804.8, 26019, 26077.2, 25973.9, 25839.4, 26038.4, 26012.5, 35689.7, 35848.3, 35234, 35580.8, 35922, 35293.3, 29273.1, 30113.9, 30087.9, 29256.8, 30122.5, 30001.9, 29421, 30226.7, 30218, 26907, 24499.2, 27108.7, 26900.1, 24585.3, 27101.7, 28790.9, 25230.1, 28156.9, 20277.8, 20309.2, 20348.6, 26606.6, 26214.1, 26472.2, 25637.3, 25531.1, 25756.9, 25593.4, 25738, 25775.9, 35677.6, 35701.8, 35472.4, 35823.9, 35811.6, 35580.7, 29545.4, 29814.2, 29797.2, 29495.4, 29738, 29729.6, 29805.7, 29848.1, 29704.4, 27747.1, 25230.1, 27984.1, 27806, 25248.3, 28044, 29814.1, 26161.8, 29183.6
14, 320, 8192, 1, 1280, 320, 320, 320, 1280, 6710886400, 23.2727, 0.969697, 39998.6, 167.778, 49, Cijk_Ailk_Bljk_HHS_BH_MT32x32x32_MI16x16x16x1_SN_1LDSB0_GRVW2_K1_LPB4_LRVW4_MIWT1_1_PLR1_SS0_SRVW4_SVW4_WG32_8_1, 21914.7, 21985.9, 21895.3, 28561.5, 28579, 28586.8, 28202.4, 28379.8, 27978.5, 28328.1, 28424.1, 27952.4, 39005.5, 39677, 39049, 38660.3, 39737.2, 39012.7, 33150.9, 33463, 33002.3, 33054.3, 33495.1, 32870.3, 33227.1, 33637.5, 33030.8, 31281.8, 28682.6, 31368.3, 31373, 28672.8, 31431.8, 33164, 29860.9, 32607.1, 22014.8, 22115.8, 22025.2, 28645.4, 28832.5, 28716, 28549.8, 28513, 28040.2, 28501.3, 28567.3, 28057.1, 38781.9, 39998.6, 39250, 39049, 39933.9, 39356.8, 33258.7, 33841, 33127.4, 33145.7, 33683.4, 33103.8, 33316.8, 33740.3, 33322.1, 31006.6, 28478.1, 31100.8, 30972.2, 28476.2, 31207.3, 32914.2, 29593.3, 32164.6, 21872.4, 21930.8, 21913.6, 28532.4, 28472.3, 28424.1, 28291.8, 28429.9, 27943.1, 4398.16, 28389.5, 27948.7, 38990.9, 39823.9, 38896.9, 39049, 39771.1, 39220.7, 33187.7, 33359.2, 32989.3, 32981.5, 33324.8, 32870.3, 33369.9, 33535.3, 32888.4, 31714.6, 28959.9, 32105.4, 31779.5, 29066.2, 31830.1, 33626.7, 30118.2, 32813.8
15, 1280, 512, 1, 1280, 1280, 1280, 1280, 1280, 1677721600, 5.81818, 0.969697, 34514.9, 48.6086, 52, Cijk_Ailk_Bljk_HHS_BH_MT32x32x32_MI16x16x16x1_SN_1LDSB0_GRVW2_K1_LPB4_LRVW4_MIWT1_1_PLR3_SS0_SRVW4_SVW4_WG32_8_1, 20608.6, 20628.8, 20669.5, 26997, 27122.7, 26838.1, 26116.1, 26273.2, 23045.4, 26246.9, 26168.3, 23296.2, 32645.2, 33618.6, 32808.7, 32706.3, 33564.8, 32635, 30322.8, 29959, 30087.9, 30174.5, 29814.1, 30010.4, 30624, 30165.8, 30079.3, 29224.2, 27313.5, 28870.1, 29159.2, 27270.8, 28862.2, 30419.6, 28286, 29379.8, 20706.2, 20714.4, 20734.9, 27045.8, 27349.1, 27221.3, 26260.1, 26345.8, 23384.6, 26070.7, 26306.2, 23426.4, 32144.8, 34278, 32363.1, 32194.2, 34514.9, 33245.5, 30157.2, 30174.5, 30053.4, 30001.8, 30331.6, 30270.3, 30252.8, 29993.3, 30165.8, 29167.3, 27179, 28767.2, 29199.8, 27214.2, 28806.7, 30322.8, 28247.9, 29545.3, 20751.3, 20784.2, 20730.8, 27010.9, 27221.3, 27108.7, 26051.3, 26299.6, 23468.3, 26214.1, 25999.6, 23285.9, 32313.2, 33978.1, 32383.1, 33319.5, 34188.6, 33150.9, 30358, 30036.2, 30131.1, 30384.4, 29993.3, 30113.8, 30606.1, 30174.5, 30296.6, 29746.5, 27666.6, 29248.7, 29721.2, 27673.9, 29338.6, 31004.3, 28649.3, 30027.6
16, 10240, 512, 1, 1280, 10240, 10240, 10240, 1280, 13421772800, 46.5455, 0.990329, 41788, 321.188, 52, Cijk_Ailk_Bljk_HHS_BH_MT32x32x32_MI16x16x16x1_SN_1LDSB0_GRVW2_K1_LPB4_LRVW4_MIWT1_1_PLR3_SS0_SRVW4_SVW4_WG32_8_1, 22930.7, 22952.7, 22952.7, 30142, 30104.1, 30080.4, 28889.1, 29105.6, 29057.2, 28866.2, 29015, 29018, 40610.5, 41235.4, 40587, 40786.3, 41253.6, 40614.5, 32545.2, 32722.9, 31547.6, 32570.4, 32842, 31500.2, 32674.5, 32878.1, 31541.7, 26726.1, 25904.1, 26673.4, 26207.6, 26178.9, 26288.9, 26898.3, 26653.9, 26778.1, 23142.6, 23138.8, 23084.7, 30410.8, 30415.2, 30419.6, 29156.1, 29329.4, 29275.2, 29150.1, 29383.9, 29192.7, 41201, 41785.9, 41055.8, 41245.5, 41788, 41065.8, 32822.8, 33012.7, 31836.2, 32840.8, 33076.4, 31800, 32969.8, 33157.5, 31850.7, 26744.8, 26619.2, 26544.2, 26501.5, 26086.9, 26439.7, 26480.6, 26673.4, 27037.9, 23011.9, 23006.2, 22966.5, 30153.9, 30150.6, 30117.1, 28911, 29081.3, 29085.4, 28900, 29145, 29048.1, 40806.1, 41365.5, 40717, 40923.6, 41398.2, 40722.9, 32740.8, 32870.3, 31653.6, 32721.6, 32900, 31665.5, 32883.2, 32934.9, 31610.6, 26775.6, 26273.2, 27376.8, 26715, 26671.7, 26919, 27077.2, 27443.9, 27112.2
17, 2560, 8192, 1, 320, 2560, 2560, 2560, 320, 13421772800, 186.182, 0.995625, 38994.6, 344.196, 48, Cijk_Ailk_Bljk_HHS_BH_MT32x32x32_MI16x16x16x1_SN_1LDSB0_GRVW4_K1_LPB4_LRVW4_MIWT1_1_PLR1_SS0_SRVW4_SVW4_WG32_8_1, 21871.3, 21722.3, 21909, 27892, 27716, 28277.5, 27463.7, 27628.3, 27581.1, 27537.6, 27623.8, 27611.1, 37214.5, 37171.6, 37077.9, 37337, 37146.9, 37038.6, 31430.6, 30985.9, 31047.9, 31402.4, 30985.9, 31049, 31483.7, 31061.7, 31089.3, 23401.5, 21999.2, 23556, 23413.9, 22000.9, 23557.9, 24757.3, 22500.8, 24231.7, 22578.3, 22416.6, 22287.9, 29018, 28808.7, 29047.1, 28614.1, 28703.2, 28672.8, 28621.9, 28696.3, 28669.9, 38994.6, 38799.8, 38564.3, 38954.7, 38814.1, 38553.7, 32211.5, 31512.1, 31967.2, 32222.6, 31507.3, 31986.7, 32430.7, 31652.4, 32050.3, 23092.9, 21729.1, 23254.3, 23082.8, 21734.2, 23256.2, 24471.3, 22250.7, 23935.7, 22131.5, 22104.1, 22074.5, 28891, 28967.9, 28860.2, 27652, 27728.8, 27718.7, 27668.4, 27716, 27717.8, 37606.5, 37412, 37350.3, 37623.4, 37405.3, 37353.7, 31532.2, 31122.7, 31235.2, 31529.8, 31155.1, 31242.1, 31611.8, 31199.1, 31309.8, 24457.7, 22935.1, 24614.2, 24455.6, 22933.2, 24606.2, 25960.2, 23463.7, 25341.4
18, 5120, 2048, 1, 640, 5120, 5120, 5120, 640, 13421772800, 93.0909, 0.990329, 41498.5, 323.428, 49, Cijk_Ailk_Bljk_HHS_BH_MT32x32x32_MI16x16x16x1_SN_1LDSB0_GRVW2_K1_LPB4_LRVW4_MIWT1_1_PLR1_SS0_SRVW4_SVW4_WG32_8_1, 21864.4, 21826.9, 21805.3, 29363.3, 29173.4, 29185.6, 7584.28, 28046.8, 28110.7, 27923.5, 28043, 28119.2, 39568.5, 40358.5, 39529.3, 39568.5, 40360.4, 39510.7, 32100.5, 32121.4, 31082.4, 32080.9, 32117.7, 31053.6, 32163.3, 32248.6, 31110, 22644.7, 22723.9, 23288.5, 22772, 22772.6, 23306, 22886.9, 23187.4, 23271, 21787.8, 21976.7, 22109.4, 29798.3, 29781.4, 29593.3, 28538.2, 28537.2, 28556.6, 28513, 28539.2, 28582.9, 40653.8, 41498.5, 40492.9, 40594.8, 41480.1, 40508.6, 32532.5, 32571.7, 31597.5, 32569.2, 32600.8, 31620.2, 32726.7, 32725.4, 31693, 22617.9, 22726.9, 22886.3, 22646, 22667.4, 22912.5, 23234.3, 23233.7, 23229.2, 21894.1, 21922.7, 21893, 29438.5, 29586, 29401.4, 28074.9, 28079.6, 28122, 28054.3, 28064.6, 28153.2, 39935.8, 40665.7, 39869.4, 39939.6, 40661.7, 39892.1, 32315.7, 32210.2, 31284.1, 32315.7, 32184.3, 31301.6, 32419.4, 32290.8, 31377.7, 23266.5, 23402.2, 23656.9, 23199, 23350.7, 23715.8, 23611.7, 23691, 23662.9
19, 1280, 512, 1, 5120, 1280, 1280, 1280, 5120, 6710886400, 5.81818, 0.969697, 36879.1, 181.97, 52, Cijk_Ailk_Bljk_HHS_BH_MT32x32x32_MI16x16x16x1_SN_1LDSB0_GRVW2_K1_LPB4_LRVW4_MIWT1_1_PLR3_SS0_SRVW4_SVW4_WG32_8_1, 20834.8, 20762.6, 20742.1, 29390.1, 29670.8, 29545.4, 25671.8, 25818.7, 22756.5, 25667.1, 25493.9, 22655.7, 33753.9, 36675.9, 35302.2, 33198.2, 36733.7, 35151.3, 32112.8, 29140.9, 26031.9, 32179.4, 28228.9, 27900.3, 32263.5, 27648.4, 27470.9, 27703.1, 27422.4, 27891.1, 27926.3, 27334.8, 27154.3, 30329.4, 30331.6, 28223.2, 20869, 20640, 20723.6, 29551.6, 29530.8, 29435.4, 25009, 26064.2, 22389.7, 25643.5, 25932.1, 22691.3, 33185, 36843.4, 35266.6, 33718.6, 36879.1, 35145.4, 32088.3, 29283.4, 26867.3, 32107.9, 29641.4, 27550.3, 32196.7, 28549.8, 27782.1, 28234.6, 27175.4, 27260.2, 27670.2, 27263.8, 27194.8, 30369, 30327.2, 27365.1, 21199.2, 21137.2, 21307.9, 29714.9, 29320.2, 29528.7, 25478.4, 25869.7, 22910.7, 24774.1, 26121, 22703.6, 33396.4, 36762.7, 35293.3, 33882, 36772.4, 35186.7, 32061.3, 29030, 27207.2, 32211.5, 28072.1, 27563, 32233.8, 28810.7, 27787.6, 29070.3, 27173.7, 27293.9, 27479.9, 27186, 27800.5, 30209.3, 30437.3, 29639.3
20, 640, 2048, 1, 2560, 640, 640, 640, 2560, 6710886400, 11.6364, 0.969697, 39801.3, 168.61, 49, Cijk_Ailk_Bljk_HHS_BH_MT32x32x32_MI16x16x16x1_SN_1LDSB0_GRVW2_K1_LPB4_LRVW4_MIWT1_1_PLR1_SS0_SRVW4_SVW4_WG32_8_1, 22046, 21975.6, 21980.2, 28565.4, 27876.2, 28288, 27872.5, 27872.5, 27501.5, 27848.5, 27793.1, 27604.7, 39001.8, 39379, 39027.2, 39034.5, 39479.1, 38915, 32865.2, 32984.1, 32811.2, 32754.8, 32955.6, 32800.9, 32971.1, 32919.4, 32824, 31420, 29643.5, 31002, 31328.5, 29643.5, 30896.9, 32559.1, 30548.1, 31512.1, 22037.9, 22028.7, 21934.2, 28451.1, 28401, 28573.2, 27913.3, 28040.2, 27670.3, 27986, 28094.7, 27492.5, 39132.8, 39801.3, 39239, 39275.7, 39744.7, 39279.4, 32772.8, 33143.1, 32968.5, 32803.5, 33130, 32867.8, 32911.6, 33253.4, 32932.3, 31347.2, 29637.2, 30781.3, 31415.3, 29637.2, 30840.1, 32526.2, 30443.9, 31443.6, 21983.6, 21872.4, 21934.2, 28600.4, 28714, 28668.9, 27791.3, 27909.6, 27347.3, 27911.5, 27997.2, 27617.4, 39176.7, 39688.3, 39176.7, 39312.6, 39635.8, 39275.7, 32701.2, 32947.8, 32652.8, 32760, 32942.6, 32770.2, 32945.2, 33033.4, 32831.7, 31542.9, 29850.2, 31216.5, 31590.4, 29854.5, 31274.8, 32824, 30729.4, 31640.4
21, 320, 154, 1, 768, 320, 320, 320, 768, 75694080, 0.909091, 0.4375, 9518.87, 7.952, 24, Cijk_Ailk_Bljk_HHS_BH_MT32x16x64_MI16x16x16x1_SN_1LDSB0_GRVW8_K1_LPB16_LRVW8_MIWT1_1_PLR5_SS0_SRVW0_SVW4_WG32_4_1, 5884.09, 5672.48, 5665.64, 5811.85, 5811.85, 5826.12, 7937.63, 7618.01, 7897.88, 7871.6, 7618.09, 7911.09, 7730.04, 7533.17, 7768.2, 7793.79, 7509.26, 7717.51, 9386.55, 8601.5, 9097.74, 9386.55, 8585.89, 9150.53, 9518.87, 8617.17, 9221.88, 8926.08, 8270.68, 8959.89, 8960, 8343.61, 8976.9, 9386.55, 8524.01, 9186.06, 5804.72, 5585.37, 5605.23, 5790.51, 5748.25, 5741.32, 7819.56, 7450.13, 7717.51, 7793.79, 7403.5, 7704.94, 7717.51, 7485.42, 7704.94, 7806.65, 7450.06, 7618.09, 8993.96, 8314.28, 8793.36, 9186.06, 8358.35, 8942.96, 9239.89, 8524.01, 9097.74, 8793.36, 8241.86, 8842.66, 8777.04, 8227.53, 8793.36, 9203.93, 8432.85, 9045.55, 5833.35, 5679.28, 5578.79, 5833.3, 5804.72, 5811.8, 7819.56, 7533.17, 7911.09, 7884.72, 7509.26, 7692.41, 7806.65, 7618.09, 7755.46, 7806.65, 7545.19, 7642.7, 9276.12, 8402.89, 9062.88, 9239.89, 8432.85, 9028.4, 9480.6, 8617.17, 9186.06, 8959.89, 8478.18, 8942.96, 8842.66, 8358.35, 8909.27, 9386.55, 8358.35, 9221.88
22, 1280, 154, 1, 768, 1280, 1280, 1280, 768, 302776320, 1.81818, 0.875, 24703.9, 12.2562, 87, Cijk_Ailk_Bljk_HHS_BH_MT32x32x32_MI16x16x16x1_SN_1LDSB0_GRVW4_K1_LPB4_LRVW4_MIWT1_1_PLR3_SS1_SRVW0_SVW1_WG32_8_1, 17988, 17718.4, 17701.9, 21334, 21286.1, 21334, 19753, 19589.3, 19835.7, 19650.5, 19794.2, 19835.7, 24229.7, 24136.8, 24137, 24229.7, 24260.7, 23953.4, 21334, 20524.1, 21025.8, 21406.5, 20794.9, 20956.1, 21602, 20863.6, 21025.8, 21190.7, 19753, 21479.3, 21286, 19732.4, 21503.7, 22474.3, 20260.6, 22106.6, 18091.1, 17751.7, 17619.5, 21167, 21190.8, 21167, 19528.8, 19569.1, 19528.7, 19548.8, 19408.5, 19609.7, 24291.9, 24137, 24014.2, 24260.5, 24323.1, 24075.5, 21167.1, 20546.6, 20979.2, 21072.7, 20613.6, 20979.2, 21406.4, 20636.1, 21072.7, 21002.5, 19488.6, 21190.7, 21049.4, 19528.7, 21072.7, 22132.6, 19961.3, 21826.3, 18213, 17735.1, 17718.5, 21406.5, 21310, 21406.4, 19752.9, 19650.3, 19691.2, 18479.8, 19691.4, 19856.5, 24480.2, 24291.9, 24480.4, 24703.9, 24385.6, 24198.7, 21262.2, 20772, 21190.7, 21286, 20568.8, 21096.2, 21701, 21002.5, 21096.2, 21479.4, 19856.5, 21676.1, 21406.5, 19919.2, 21725.9, 22689.7, 20347.7, 22315.1
